id;name;photo;age;phno;email;gender;status;addressproof;created_date;updated_date;created_by;updated_by
1;synergize Monitored Personal Loan Account;Generic Steel Fish Refined Concrete Hat Assimilated;19952;90119;Laila_Heidenreich@hotmail.com;FEMALE;SINGLE;withdrawal;2020-08-18T22:11:29;2020-08-18T18:09:09;96386;45448
2;Nevada Beauty;process improvement Licensed Missouri;71258;93111;Vivian_Fadel@yahoo.com;MALE;MARRIED;online CSS;2020-08-18T15:47:49;2020-08-18T05:49:32;69276;98342
3;deposit Checking Account;Jewelery TCP;80416;36169;Anika.Greenfelder24@hotmail.com;MALE;MARRIED;Metal driver Utah;2020-08-19T00:38:22;2020-08-18T15:06:37;45544;94914
4;firewall mesh;Garden;43119;92413;Jettie_Schulist@yahoo.com;FEMALE;SINGLE;mint green Supervisor Incredible;2020-08-18T08:30:40;2020-08-18T02:21:31;81765;87584
5;Bhutan Orchestrator regional;Planner back up;70399;34804;Jaime_Jacobi@gmail.com;MALE;MARRIED;e-business;2020-08-18T17:18:00;2020-08-18T03:39:47;72477;95877
6;microchip embrace synthesizing;Unbranded Accountability;40735;52633;Johnpaul44@gmail.com;FEMALE;SINGLE;Streamlined payment Human;2020-08-18T07:57:31;2020-08-18T12:49:26;55431;32554
7;Practical;generate Summit;89923;88712;Cordia.Eichmann@hotmail.com;FEMALE;MARRIED;payment application;2020-08-18T02:42:34;2020-08-18T01:41:02;84729;90135
8;Buckinghamshire Metrics Bedfordshire;Credit Card Account SSL Mountains;39158;25057;Vicenta.Lind@hotmail.com;FEMALE;MARRIED;input aggregate;2020-08-18T22:07:43;2020-08-18T21:39:37;54726;21435
9;Borders interface;Investment Account;93563;90816;Maxime81@gmail.com;FEMALE;MARRIED;neutral;2020-08-18T17:50:14;2020-08-18T09:44:43;96888;99670
10;vortals payment Quality;Salad sticky Fish;18691;87742;Ari.Kunze@gmail.com;FEMALE;MARRIED;Steel Intranet;2020-08-18T21:59:24;2020-08-18T14:34:35;34079;36026
