id;name;age;gender;addressproof;photo;doj;education;referredby;status;created_date;updated_date;created_by;updated_by
1;infomediaries;84050;MALE;Savings Account XSS;quantifying;2020-08-18T09:59:57;Persistent hack;Handmade Rubber Computer;INACTIVE;2020-08-18T20:42:01;2020-08-18T10:18:40;20792;37842
2;Pula mission-critical Steel;67397;MALE;Face to face logistical applications;Concrete Car bandwidth-monitored;2020-08-18T15:28:40;Practical fault-tolerant;Global Automotive;INACTIVE;2020-08-18T02:02:16;2020-08-18T23:36:29;61392;18087
3;Wyoming Oregon leverage;47253;MALE;Lights Data;payment generate Specialist;2020-08-18T13:44:25;Fiji digital;Centralized Intuitive Road;INACTIVE;2020-08-18T19:53:18;2020-08-18T15:36:55;82274;39205
4;yellow;53367;FEMALE;national;motivating;2020-08-18T08:56:50;withdrawal interfaces Land;one-to-one Kids;ACTIVE;2020-08-18T16:30:49;2020-08-18T17:16:29;11675;87130
5;Frozen Metal;56982;MALE;monitor parse;hybrid Manager;2020-08-19T00:15:39;index firmware;bluetooth;ACTIVE;2020-08-18T23:17:42;2020-08-18T02:44:15;50008;63755
6;Tanzanian Shilling;74514;MALE;human-resource;synthesize;2020-08-18T16:39:46;holistic transmit;Gorgeous Tools;ACTIVE;2020-08-18T16:57:04;2020-08-18T11:42:05;42266;43009
7;Facilitator;63245;MALE;generate optimal Cotton;indexing tertiary innovative;2020-08-18T08:25:16;Investor extranet;bandwidth definition interface;ACTIVE;2020-08-18T17:31:02;2020-08-18T18:28:28;10198;75388
8;Computer;39438;FEMALE;dynamic;Cambridgeshire Frozen Handcrafted Cotton Chicken;2020-08-18T21:29:19;hub Planner Morocco;strategize pixel Gorgeous Rubber Chips;INACTIVE;2020-08-19T00:19:53;2020-08-18T09:25:08;76884;33750
9;system;3519;FEMALE;Product card;Minnesota microchip Avon;2020-08-18T17:54:20;functionalities withdrawal array;array Clothing Credit Card Account;INACTIVE;2020-08-18T04:28:26;2020-08-18T09:49:46;23204;79259
10;yellow multi-tasking;19252;MALE;Unbranded Soft Car Cotton morph;protocol optimize;2020-08-19T00:40:09;Exclusive;Kyrgyz Republic Auto Loan Account Gloves;ACTIVE;2020-08-18T16:00:50;2020-08-18T05:41:04;40941;64165
